{"cameraMode":{"drawMode":0,"name":"Shaded","section":"Shading Mode"},"sceneLighting":false,"audioPlay":false,"sceneViewState":{"m_AlwaysRefresh":false,"showFog":true,"showSkybox":false,"showFlares":true,"showImageEffects":true,"showParticleSystems":true,"showVisualEffectGraphs":true,"m_FxEnabled":true},"in2DMode":false,"pivot":{"x":0.4834761917591095,"y":-0.042762063443660739,"z":-0.5446291565895081},"rotation":{"x":-0.14665621519088746,"y":-0.6766520142555237,"z":0.14020267128944398,"w":-0.707801342010498},"size":0.4330126941204071,"orthographic":false}