{"cameraMode":{"drawMode":0,"name":"Shaded","section":"Shading Mode"},"sceneLighting":false,"audioPlay":false,"sceneViewState":{"m_AlwaysRefresh":false,"showFog":true,"showSkybox":false,"showFlares":true,"showImageEffects":true,"showParticleSystems":true,"showVisualEffectGraphs":true,"m_FxEnabled":true},"in2DMode":false,"pivot":{"x":1370.8538818359375,"y":-856.9212646484375,"z":7.4694108963012699},"rotation":{"x":-0.004082130268216133,"y":0.9941596984863281,"z":-0.040593817830085757,"w":-0.09994853287935257},"size":1.0327513217926026,"orthographic":false}