{"cameraMode":{"drawMode":0,"name":"Shaded","section":"Shading Mode"},"sceneLighting":false,"audioPlay":false,"sceneViewState":{"m_AlwaysRefresh":false,"showFog":true,"showSkybox":false,"showFlares":true,"showImageEffects":true,"showParticleSystems":true,"showVisualEffectGraphs":true,"m_FxEnabled":true},"in2DMode":false,"pivot":{"x":0.5008435845375061,"y":-0.008445024490356446,"z":-0.5588053464889526},"rotation":{"x":-0.24515295028686524,"y":-0.03140794858336449,"z":0.007945086807012558,"w":-0.9689479470252991},"size":0.36742347478866579,"orthographic":false}