{"cameraMode":{"drawMode":0,"name":"Shaded","section":"Shading Mode"},"sceneLighting":false,"audioPlay":false,"sceneViewState":{"m_AlwaysRefresh":false,"showFog":true,"showSkybox":false,"showFlares":true,"showImageEffects":true,"showParticleSystems":true,"showVisualEffectGraphs":true,"m_FxEnabled":true},"in2DMode":false,"pivot":{"x":0.48000001907348635,"y":0.05000000074505806,"z":-0.5099999904632568},"rotation":{"x":0.01831064745783806,"y":-0.008100630715489388,"z":0.00015527471259701997,"w":0.9998223781585693},"size":0.552539587020874,"orthographic":false}