{"cameraMode":{"drawMode":0,"name":"Shaded","section":"Shading Mode"},"sceneLighting":false,"audioPlay":false,"sceneViewState":{"m_AlwaysRefresh":false,"showFog":true,"showSkybox":false,"showFlares":true,"showImageEffects":true,"showParticleSystems":true,"showVisualEffectGraphs":true,"m_FxEnabled":true},"in2DMode":false,"pivot":{"x":0.5132499933242798,"y":2.2475457191467287,"z":-2.106706142425537},"rotation":{"x":0.1733475923538208,"y":-0.05589136853814125,"z":0.007601819466799498,"w":0.9836516976356506},"size":5.090456008911133,"orthographic":false}