{"cameraMode":{"drawMode":0,"name":"Shaded","section":"Shading Mode"},"sceneLighting":false,"audioPlay":false,"sceneViewState":{"m_AlwaysRefresh":false,"showFog":true,"showSkybox":false,"showFlares":true,"showImageEffects":true,"showParticleSystems":true,"showVisualEffectGraphs":true,"m_FxEnabled":true},"in2DMode":false,"pivot":{"x":0.48000001907348635,"y":0.12717406451702119,"z":-0.5099999904632568},"rotation":{"x":0.5092648863792419,"y":-0.001799651887267828,"z":0.0010877789463847876,"w":0.8606441020965576},"size":0.5620375871658325,"orthographic":false}