{"cameraMode":{"drawMode":0,"name":"Shaded","section":"Shading Mode"},"sceneLighting":false,"audioPlay":false,"sceneViewState":{"m_AlwaysRefresh":false,"showFog":true,"showSkybox":false,"showFlares":true,"showImageEffects":true,"showParticleSystems":true,"showVisualEffectGraphs":true,"m_FxEnabled":true},"in2DMode":false,"pivot":{"x":-0.4903578460216522,"y":0.5081678628921509,"z":0.10926352441310883},"rotation":{"x":0.18611933290958405,"y":0.7362996339797974,"z":-0.22437509894371034,"w":0.6106603741645813},"size":0.552539587020874,"orthographic":false}