{"cameraMode":{"drawMode":0,"name":"Shaded","section":"Shading Mode"},"sceneLighting":false,"audioPlay":false,"sceneViewState":{"m_AlwaysRefresh":false,"showFog":true,"showSkybox":false,"showFlares":true,"showImageEffects":true,"showParticleSystems":true,"showVisualEffectGraphs":true,"m_FxEnabled":true},"in2DMode":false,"pivot":{"x":1.7114720344543458,"y":-0.05657215416431427,"z":-0.1782950907945633},"rotation":{"x":-0.05194072052836418,"y":-0.6195470690727234,"z":0.04114177078008652,"w":-0.7821617126464844},"size":1.1660254001617432,"orthographic":false}