{"cameraMode":{"drawMode":0,"name":"Shaded","section":"Shading Mode"},"sceneLighting":false,"audioPlay":false,"sceneViewState":{"m_AlwaysRefresh":false,"showFog":true,"showSkybox":false,"showFlares":true,"showImageEffects":true,"showParticleSystems":true,"showVisualEffectGraphs":true,"m_FxEnabled":true},"in2DMode":false,"pivot":{"x":0.4969813823699951,"y":0.0912400484085083,"z":-0.5534756183624268},"rotation":{"x":0.2880740761756897,"y":0.12881724536418916,"z":-0.039345934987068179,"w":0.948438286781311},"size":0.5001112222671509,"orthographic":false}